{
  "assetsByChunkName": {
    "vendors~app-account~app-confirmation~app-order": "chunk.37c141873c19f4c57d79.js",
    "vendors~app-account~app-checkout": "chunk.d3f58ebc81d732527e23.js",
    "vendors~app-cart~app-checkout": "chunk.169fc6e551b6e9c791e0.js",
    "admin": [
      "admin.0c5cc9574fc47d2628a2.js",
      "admin.0c5cc9574fc47d2628a2.js.map"
    ],
    "app-account": "chunk.3000521c9bd84e3a9554.js",
    "app-checkout": "chunk.5dcb165c763b3e061f39.js",
    "app-confirmation": "chunk.c8047cec67bf6d86598e.js",
    "checkout": [
      "checkout.401d46bcedff3e3bf896.js",
      "checkout.401d46bcedff3e3bf896.js.map"
    ],
    "storefront": [
      "storefront.2619eaf88ea0fdeb6944.css",
      "storefront.026312d4c9c9b2a5ad68.js",
      "storefront.2619eaf88ea0fdeb6944.css.map",
      "storefront.026312d4c9c9b2a5ad68.js.map"
    ],
    "vendors~app-cart": "chunk.f3eaba331d3d3fd13e06.js",
    "vendors~app-order": "chunk.c8326c893ae27f233096.js"
  }
}