{
  "meta_title": "",
  "meta_description": "",
  "sections": [
    {
      "type": "banner-slider",
      "autoplay": 9000,
      "full_width": false,
      "slides": [
        {
          "start": "2022-12-13T05:19:53.435Z",
          "end": "2024-12-25T05:19:54.668Z",
          "img": "/img/uploads/banner-02-imports.webp"
        }
      ]
    },
    {
      "type": "brands-carousel",
      "limit": 24,
      "offset": 0,
      "sort": null
    },
    {
      "type": "collection-shelf",
      "shuffle": false,
      "limit": 12,
      "page": 1,
      "sort": "news",
      "collection_id": "62548abb2e405e04ff387ea4:categories:Lançamentos:/lancamentos"
    },
    {
      "type": "banner-slider",
      "autoplay": 9000,
      "full_width": false,
      "slides": [
        {
          "start": "2022-07-30T05:50:01.509Z",
          "end": "2024-07-27T05:49:38.107Z",
          "img": "/img/uploads/banner-01_alterado.png"
        }
      ]
    },
    {
      "type": "collection-shelf",
      "shuffle": false,
      "limit": 20,
      "page": 1,
      "collection_id": "625717782e405e04ff3e0535:categories:Novidades:/ofertas",
      "sort": "news",
      "title": "Novidades da Semana"
    },
    {
      "type": "collection-shelf",
      "shuffle": true,
      "collection_id": "6236c0392e405e04ffebcad6:categories:iPhones Novos:/iphones-novos",
      "sort": "news",
      "title": "",
      "headless": false,
      "limit": 17,
      "page": 1
    },
    {
      "type": "collection-shelf",
      "shuffle": true,
      "limit": 17,
      "page": 1,
      "collection_id": "6236c0a02e405e04ffebcb27:categories:iPhones Semi Novos:/iphones-semi-novos",
      "sort": "news"
    },
    {
      "type": "collection-shelf",
      "shuffle": true,
      "limit": 18,
      "page": 1,
      "collection_id": "6236c1072e405e04ffebcbbc:categories:Xiaomi:/xiaomi",
      "sort": "views"
    },
    {
      "type": "collection-shelf",
      "shuffle": true,
      "limit": 17,
      "page": 1,
      "collection_id": "6236c0b62e405e04ffebcb36:categories:Apple:/apple",
      "sort": "views"
    },
    {
      "type": "collection-shelf",
      "shuffle": true,
      "limit": 15,
      "page": 1,
      "collection_id": "6236c1542e405e04ffebcc4d:categories:Diversos:/diversos",
      "sort": "news"
    },
    {
      "type": "collection-shelf",
      "shuffle": false,
      "limit": 15,
      "page": 1,
      "sort": "views",
      "title": "Produtos que fazem sucesso"
    },
    {
      "type": "responsive-banner",
      "img": "/img/uploads/ajuste-gauchi-imports.jpg"
    },
    {
      "type": "responsive-banner",
      "img": "/img/uploads/design-sem-nome.webp"
    },
    {
      "type": "responsive-banner",
      "img": "/img/uploads/banner-insta.webp",
      "link": "https://www.instagram.com/gauchoimports_/"
    }
  ]
}